{
  "model_type": "GradientBoostingRegressor + GradientBoostingClassifier",
  "model_version": "4.0-role-fit-gradient-boosted",
  "features": [
    "tfidf_similarity",
    "skill_match_score",
    "keyword_match_score",
    "experience_years",
    "education_level",
    "has_projects",
    "num_skills",
    "text_length",
    "document_confidence",
    "structure_score",
    "impact_score",
    "word_count",
    "bullet_count",
    "required_experience_years",
    "experience_match_score",
    "matched_skill_count",
    "missing_skill_count",
    "jd_skill_count",
    "matched_keyword_count",
    "missing_keyword_count",
    "section_count",
    "has_contact"
  ],
  "feature_importance": {
    "tfidf_similarity": 0.010750553006277535,
    "skill_match_score": 0.1938242818451535,
    "keyword_match_score": 0.0512075295150253,
    "experience_years": 0.0007824885244152097,
    "education_level": 0.0002740966154189588,
    "has_projects": 0.0008095607168253063,
    "num_skills": 0.00017414730953421405,
    "text_length": 0.014068178667703869,
    "document_confidence": 0.5415633974444813,
    "structure_score": 0.0020462834231870894,
    "impact_score": 0.0016967277232954338,
    "word_count": 0.000721083733386215,
    "bullet_count": 0.00011655718906496704,
    "required_experience_years": 6.0379710318361305e-05,
    "experience_match_score": 0.04872327532193894,
    "matched_skill_count": 0.00027208665664241866,
    "missing_skill_count": 0.0015152268907786888,
    "jd_skill_count": 0.00035394901999870565,
    "matched_keyword_count": 0.003096050893346113,
    "missing_keyword_count": 6.215080659043387e-05,
    "section_count": 0.1275161393105969,
    "has_contact": 0.00036585567602049934
  },
  "training_rows": 12000,
  "n_estimators_regressor": 350,
  "n_estimators_classifier": 250,
  "max_depth": 3,
  "learning_rate": 0.04
}